aaa,1111,홍길동,Britton,03298 Susan Park,60000000
bbb,2222,유관순,Tosdevin,00781 Talisman Plaza,50000000
ccc,3333,이순신,MacEllen,42 Moose Pass,100000000
hcloutt3,8330,Hunfredo,Cloutt,9729 Anhalt Court,100000000
rbronger4,2156,Rebekkah,Bronger,6 Ridgeway Plaza,60000000
rcoils5,5987,Robinet,Coils,71 Marcy Place,80000000
tnott6,4923,Tadeo,Nott,93292 Mccormick Center,50000000
msheldrick7,3130,Madeline,Sheldrick,9 Cardinal Pass,90000000
eschruyers8,7333,Elbertine,Schruyers,9 Sutteridge Court,90000000
spatry9,4113,Stella,Patry,676 Mockingbird Way,70000000
smcalarneya,5740,Shae,McAlarney,97 Dennis Parkway,80000000
gfleayb,6878,Guinna,Fleay,9 Weeping Birch Court,90000000
jfranchyonokc,5122,Jo ann,Franchyonok,257 Vidon Way,80000000
mvasserd,9189,Matthiew,Vasser,70 Bashford Pass,90000000
rciccarelloe,5892,Rafaelia,Ciccarello,80238 Mayer Drive,50000000
tjacombsf,6375,Tara,Jacombs,1 Atwood Place,100000000
mjeckellsg,8978,Madalyn,Jeckells,9074 Fulton Terrace,60000000
jvasyutochkinh,1389,Jen,Vasyutochkin,927 Kennedy Circle,50000000
wchisholmei,9993,Wilie,Chisholme,9 Truax Center,80000000
bsmallwoodj,1424,Bendicty,Smallwood,438 Garrison Center,60000000
